Gradient,Spectral Flatness,Rib-cross,Peak-ratio,Slope-ratio,Slope-smooth,On-Rib Rands,On-Rib value,Edge,Vessel1,vessel2,Class
1748708.0,3.3809916178385415,1915228.5,1915228.5,5852601053.0,8778901580.0,0.999999973313781,13.534520274831282,7682191.0,0.03033447265625,160.0,adenocarcinoma
1403552.0,3.228918711344401,1756090.0,1756090.0,5136524433.0,7704917758.0,0.9999999712409228,14.294729807883842,6582597.666666667,0.028545379638671875,160.0,adenocarcinoma
1636951.5,3.455244700113932,1903457.0,1903457.0,5681555147.0,8522283200.0,0.9999999743893052,14.358021352780753,7444599.333333333,0.031208038330078125,160.0,adenocarcinoma
1025658.5,3.0872217814127603,1628066.0,1628066.0,6085169931.0,9127754897.0,0.9999999691082115,14.272261955630418,5784402.0,0.02687835693359375,160.0,adenocarcinoma
1002879.5,3.0415026346842446,1602714.0,1602714.0,4848678059.0,7271285045.0,0.9999999682849179,14.418876332916883,5645604.0,0.026340484619140625,160.0,adenocarcinoma
1278868.5,3.2461039225260415,1739269.5,1739269.5,5591775267.0,8387662901.0,0.9999999715484618,14.21366061857045,6432404.333333333,0.02874755859375,160.0,adenocarcinoma
1649254.5,3.3634821573893228,1888506.5,1888506.5,6381456303.0,9571216681.0,0.9999999731058529,13.217612701971282,7439041.333333333,0.03012847900390625,160.0,adenocarcinoma
1181218.5,3.151747385660807,1670498.0,1670498.0,6291549469.0,9437611440.0,0.9999999700947568,14.966748330081495,5997492.666666667,0.027637481689453125,160.0,adenocarcinoma
1124304.0,3.120295206705729,1655359.5,1655359.5,6627143229.0,9937619642.0,0.9999999696487097,14.785586815404827,5984757.333333333,0.0272674560546875,160.0,adenocarcinoma
995335.0,3.081061045328776,1636577.5,1636577.5,5717859187.0,8576164902.0,0.9999999689605885,14.141856777533139,5803055.666666667,0.026805877685546875,160.0,adenocarcinoma
1046660.5,3.0781428019205728,1631649.5,1631649.5,5887975459.0,8832225921.0,0.9999999689235637,14.407420458655144,5842150.333333333,0.02677154541015625,160.0,adenocarcinoma
1392541.0,3.231512705485026,1748312.5,1748312.5,5205572833.0,7807542407.0,0.9999999712734137,14.89237558213433,6602099.0,0.028575897216796875,160.0,adenocarcinoma
1624110.5,3.403364817301432,1847194.5,1847194.5,6285148843.0,9426983201.0,0.999999973845986,14.292943988441333,7121939.333333333,0.030597686767578125,160.0,adenocarcinoma
1112603.0,3.1352106730143228,1661032.0,1661032.0,5665096159.0,8497857761.0,0.9999999698469145,15.322531656703829,6029419.666666667,0.02744293212890625,160.0,adenocarcinoma
2676335.5,4.119307200113933,2410131.5,2410131.5,6359362677.0,9537614135.0,0.9999999809924912,13.366569498128152,10482425.333333334,0.039020538330078125,160.0,adenocarcinoma
5327592.0,5.4107920328776045,3434530.0,3434530.0,12295790323.0,18441965049.0,0.9999999883440451,11.517651012801043,17273622.666666668,0.0542144775390625,160.0,adenocarcinoma
2689483.0,3.9990107218424478,2284211.0,2284211.0,7623825221.0,11427715516.0,0.999999980090946,13.604775039266098,9956508.0,0.03760528564453125,160.0,adenocarcinoma
1470254.5,3.3245722452799478,1791269.0,1791269.0,7143746089.0,10712877783.0,0.9999999726916393,14.521520871284448,6863479.666666667,0.02967071533203125,160.0,adenocarcinoma
1737639.0,3.473402659098307,1944459.5,1944459.5,7230271473.0,10844334797.0,0.9999999745639429,14.900416845198084,7662482.666666667,0.031421661376953125,160.0,adenocarcinoma
1380611.0,3.229567209879557,1759880.0,1759880.0,5199793501.0,7798690007.0,0.9999999712571724,13.754149699367582,6634648.0,0.028553009033203125,160.0,adenocarcinoma
1222294.0,3.177687327067057,1712005.0,1712005.0,5119221893.0,7679176013.0,0.9999999704602842,13.807066246729594,6305843.666666667,0.027942657470703125,160.0,adenocarcinoma
1086130.0,3.0927340189615884,1644782.5,1644782.5,5442752079.0,8163796370.0,0.9999999691376485,15.041369942523561,5955323.666666667,0.026943206787109375,160.0,adenocarcinoma
1590092.5,3.333326975504557,1841695.0,1841695.0,6979183313.0,10468942430.0,0.9999999727446174,14.01014505328112,7168585.0,0.029773712158203125,160.0,adenocarcinoma
1289311.5,3.2276217142740884,1753915.5,1753915.5,6184449571.0,9277489161.0,0.9999999712910831,13.507966556045552,6570576.0,0.028530120849609375,160.0,adenocarcinoma
1889059.5,3.529822031656901,2002421.5,2002421.5,5816023573.0,8722167485.0,0.9999999752017746,13.543484326213969,8126509.333333333,0.032085418701171875,160.0,adenocarcinoma
1101000.0,3.0904642740885415,1631930.0,1631930.0,4905113507.0,7358053857.0,0.9999999690994122,14.621865385500145,5785634.0,0.02691650390625,160.0,adenocarcinoma
964184.5,3.0431238810221353,1597297.0,1597297.0,4778008491.0,7166438555.0,0.9999999683349781,14.509503786039772,5610407.333333333,0.02635955810546875,160.0,adenocarcinoma
2525135.5,3.859907786051432,2195830.0,2195830.0,6966000969.0,10451607839.0,0.9999999788330687,13.536391258085589,9572524.333333334,0.035968780517578125,160.0,adenocarcinoma
1733912.0,3.3997980753580728,1921244.0,1921244.0,5816885615.0,8724741805.0,0.9999999735724299,13.679195223907877,7701952.333333333,0.03055572509765625,160.0,adenocarcinoma
930017.0,3.0440966288248696,1587030.5,1587030.5,4941713613.0,7411628702.0,0.9999999683646799,15.035504242442663,5531662.666666667,0.026371002197265625,160.0,adenocarcinoma
1556864.5,3.3141962687174478,1852403.0,1852403.0,7246732791.0,10870099187.0,0.999999972472585,13.31901081116713,7279112.666666667,0.02954864501953125,160.0,adenocarcinoma
3205920.5,4.246737162272136,2460443.0,2460443.0,8008249649.0,12012289403.0,0.9999999821257424,13.021530460209043,11281593.333333334,0.04051971435546875,160.0,adenocarcinoma
1089923.0,3.109594980875651,1655779.0,1655779.0,6519413103.0,9779119656.0,0.9999999694612633,14.262426002487986,5931102.0,0.027141571044921875,160.0,adenocarcinoma
959702.5,3.0804125467936196,1601370.0,1601370.0,7104917755.0,10658867331.0,0.9999999690920769,14.861563197955627,5638170.0,0.026798248291015625,160.0,adenocarcinoma
889849.5,3.006483713785807,1568103.5,1568103.5,5498374129.0,8247568893.0,0.9999999677193161,14.424255546665288,5443407.333333333,0.025928497314453125,160.0,adenocarcinoma
1313702.5,3.2127062479654946,1731791.5,1731791.5,5628067709.0,8442026985.0,0.9999999710196273,13.995334684491754,6433182.333333333,0.028354644775390625,160.0,adenocarcinoma
1305848.0,3.2354036966959634,1759556.0,1759556.0,6810021281.0,10215035057.0,0.9999999713459015,13.940357072924241,6560520.666666667,0.028621673583984375,160.0,adenocarcinoma
939372.0,3.0288569132486978,1582318.5,1582318.5,5934631011.0,8901751159.0,0.9999999681089704,14.90507139988143,5516499.0,0.02619171142578125,160.0,adenocarcinoma
1414843.5,3.234106699625651,1783785.0,1783785.0,6980929455.0,10470343442.0,0.9999999713372298,13.38021748336371,6787866.666666667,0.028606414794921875,160.0,adenocarcinoma
2036461.0,3.5162035624186196,2017768.5,2017768.5,7059094951.0,10587714655.0,0.9999999750176726,13.858890138430588,8365272.0,0.031925201416015625,160.0,adenocarcinoma
990523.0,3.0703608194986978,1609348.0,1609348.0,4804034511.0,7207002932.0,0.9999999688180884,14.672390626777512,5690823.666666667,0.02667999267578125,160.0,adenocarcinoma
1747842.5,3.514258066813151,1948520.0,1948520.0,7130581015.0,10695879221.0,0.9999999750502593,14.591156321115998,7743642.333333333,0.031902313232421875,160.0,adenocarcinoma
1365950.5,3.221460978190104,1738175.0,1738175.0,6122276547.0,9182638975.0,0.9999999711764421,14.136304817523035,6479194.666666667,0.0284576416015625,160.0,adenocarcinoma
3202841.0,4.27883783976237,2444622.0,2444622.0,8829279462.0,13240692802.0,0.999999982429048,13.058681310420406,11053744.666666666,0.040897369384765625,160.0,adenocarcinoma
2704084.0,3.945185343424479,2323739.0,2323739.0,6373868991.0,9557698724.0,0.9999999794918513,12.771194938012659,10288398.0,0.0369720458984375,160.0,adenocarcinoma
1134184.0,3.1844965616861978,1664696.5,1664696.5,5476193678.0,8213932830.0,0.9999999708101645,15.350980351175446,6082440.333333333,0.02802276611328125,160.0,adenocarcinoma
1708013.5,3.488966623942057,1941988.0,1941988.0,7129645369.0,10695292860.0,0.9999999748474548,14.037515950859987,7629984.0,0.031604766845703125,160.0,adenocarcinoma
1095757.5,3.1141344706217446,1663552.5,1663552.5,4932101985.0,7397696159.0,0.9999999694921767,14.848971660080794,5989676.0,0.027194976806640625,160.0,adenocarcinoma
2092767.0,3.6433092753092446,2037621.0,2037621.0,6938348945.0,10406869479.0,0.9999999765850865,14.39221961210607,8436580.666666666,0.033420562744140625,160.0,adenocarcinoma
1510474.5,3.3077112833658853,1822871.5,1822871.5,6399470799.0,9597883229.0,0.999999972365713,14.731362543537523,6967383.0,0.02947235107421875,160.0,adenocarcinoma
1461497.5,3.2953898111979165,1792503.5,1792503.5,5251388567.0,7877924333.0,0.9999999721962818,14.841423454819822,6838863.666666667,0.029327392578125,160.0,adenocarcinoma
1378853.0,3.2117335001627603,1761315.5,1761315.5,6738107101.0,10107166815.0,0.9999999710180896,13.987501523901745,6635589.666666667,0.02834320068359375,160.0,adenocarcinoma
924200.0,3.0285326639811196,1578269.5,1578269.5,6031861287.0,9046719923.0,0.9999999680926076,14.49958160214668,5489627.333333333,0.026187896728515625,160.0,adenocarcinoma
2072091.0,3.6150995890299478,2033311.0,2033311.0,6398034179.0,9597184069.0,0.9999999762183245,14.293478501948089,8408413.0,0.03308868408203125,160.0,adenocarcinoma
2084879.0,3.6008326212565103,2092154.0,2092154.0,6277076411.0,9417339331.0,0.9999999759753565,13.038088101492965,8754731.333333334,0.03292083740234375,160.0,adenocarcinoma
1560670.5,3.324896494547526,1851353.0,1851353.0,5472640441.0,8211313040.0,0.9999999725833031,13.881538107438296,7091682.666666667,0.029674530029296875,160.0,adenocarcinoma
792111.5,2.9782740275065103,1542323.0,1542323.0,5037529981.0,7555648583.0,0.9999999671908225,14.400513581014428,5257965.0,0.02559661865234375,160.0,adenocarcinoma
1324603.0,3.257776896158854,1801109.5,1801109.5,5348429833.0,8022644750.0,0.9999999716391899,13.496054692472947,6779983.666666667,0.0288848876953125,160.0,adenocarcinoma
1206590.5,3.146559397379557,1681862.0,1681862.0,4957137527.0,7434706279.0,0.999999970011402,14.228325555367078,6145241.666666667,0.027576446533203125,160.0,adenocarcinoma
1334946.0,3.2542101542154946,1775689.0,1775689.0,6897280772.0,10348579898.0,0.999999971605251,13.45247192047176,6738833.666666667,0.028842926025390625,160.0,adenocarcinoma
1030179.5,3.0667940775553384,1612399.0,1612399.0,4898968173.0,7348452260.0,0.9999999687178576,14.72473372432968,5698269.0,0.026638031005859375,160.0,adenocarcinoma
1585931.0,3.3725611368815103,1868424.5,1868424.5,6826771987.0,10240171824.0,0.9999999732880712,14.846171156512613,7174619.333333333,0.03023529052734375,160.0,adenocarcinoma
1451838.5,3.249670664469401,1804411.5,1804411.5,5371857191.0,8055912449.0,0.9999999715222346,13.412599651287715,6932319.666666667,0.028789520263671875,160.0,adenocarcinoma
1375292.0,3.229567209879557,1759982.0,1759982.0,5233439575.0,7850059909.0,0.9999999712440687,13.454654575569224,6572030.0,0.028553009033203125,160.0,adenocarcinoma
1840194.5,3.6838404337565103,1958259.0,1958259.0,7177334389.0,10763267992.0,0.9999999774038969,13.947726493261332,7933272.333333333,0.03389739990234375,160.0,adenocarcinoma
910483.0,3.0207506815592446,1574918.0,1574918.0,6295230135.0,9442845204.0,0.9999999679602847,14.509044207584505,5473257.666666667,0.026096343994140625,160.0,adenocarcinoma
1223166.5,3.1705538431803384,1697609.0,1697609.0,6317440863.0,9476161295.0,0.999999970404589,14.165429749060666,6195978.0,0.027858734130859375,160.0,adenocarcinoma
3334788.0,4.171187082926433,2502779.5,2502779.5,6648479087.0,9971619635.0,0.9999999813676538,12.781298245003475,11632634.666666666,0.039630889892578125,160.0,adenocarcinoma
1003363.0,3.075873057047526,1638407.0,1638407.0,5329788833.0,7993219194.0,0.9999999688939445,14.067620929539025,5842726.0,0.026744842529296875,160.0,adenocarcinoma
2750579.0,3.9873377482096353,2325780.5,2325780.5,7360496892.0,11043098287.0,0.9999999799419452,13.443715194018102,10156757.0,0.03746795654296875,160.0,adenocarcinoma
1329069.0,3.1819025675455728,1731365.0,1731365.0,5156943979.0,7734571451.0,0.9999999705333249,14.134998760573835,6445363.0,0.02799224853515625,160.0,adenocarcinoma
1059648.5,3.0911127726236978,1642156.0,1642156.0,4878790557.0,7318185837.0,0.9999999691464195,15.048565852108872,5848862.0,0.02692413330078125,160.0,adenocarcinoma
1036617.5,3.1063524881998696,1628100.0,1628100.0,6153702933.0,9225824271.0,0.9999999695237597,14.40844682964009,5757699.333333333,0.027103424072265625,160.0,adenocarcinoma
3362350.0,4.219500223795573,2518855.5,2518855.5,8276513239.0,12413258616.0,0.9999999818378075,13.080075159314147,11550981.666666666,0.04019927978515625,160.0,adenocarcinoma
1879388.5,3.6770311991373696,1988339.5,1988339.5,7175271165.0,10759335787.0,0.9999999772305467,14.181343780381308,8083884.666666667,0.033817291259765625,160.0,adenocarcinoma
1159199.5,3.1556383768717446,1681601.5,1681601.5,5256533133.0,7884822768.0,0.9999999701356624,15.047676216623298,6158558.0,0.027683258056640625,160.0,adenocarcinoma
1104365.0,3.089167277018229,1653204.5,1653204.5,5935950065.0,8903925108.0,0.9999999690888527,14.203941258858283,5929013.333333333,0.0269012451171875,160.0,adenocarcinoma
863686.5,2.9941622416178384,1553021.5,1553021.5,6114405003.0,9171607506.0,0.9999999674924885,15.31413924225767,5311653.666666667,0.025783538818359375,160.0,adenocarcinoma
1348560.5,3.211085001627604,1744721.5,1744721.5,5146653991.0,7719980987.0,0.9999999709700154,14.665639716356427,6568269.666666667,0.0283355712890625,160.0,adenocarcinoma
2657067.5,4.142653147379558,2328648.5,2328648.5,7827480791.0,11739549803.0,0.9999999813421859,13.306444544175827,10142874.666666666,0.039295196533203125,160.0,adenocarcinoma
4825746.0,5.202948252360026,3222391.5,3222391.5,11501516744.0,17248340704.0,0.9999999875181851,10.864829008451677,15870593.0,0.051769256591796875,160.0,adenocarcinoma
1001987.0,3.042799631754557,1604070.0,1604070.0,4859354419.0,7288599584.0,0.999999968301864,14.267444796230775,5629770.666666667,0.026355743408203125,160.0,adenocarcinoma
1023798.0,3.0570665995279946,1607703.5,1607703.5,6018091746.0,9026198569.0,0.9999999686995292,14.534537136083514,5663654.0,0.026523590087890625,160.0,adenocarcinoma
1275911.0,3.166987101236979,1697121.5,1697121.5,5031719621.0,7547579432.0,0.9999999703083651,14.779524413400114,6283161.0,0.0278167724609375,160.0,adenocarcinoma
1952478.0,3.6536852518717446,2023471.0,2023471.0,7007675353.0,10508614820.0,0.999999976711793,13.71334085961391,8319104.666666667,0.033542633056640625,160.0,adenocarcinoma
1398067.5,3.2457796732584634,1759558.0,1759558.0,5182515449.0,7774519406.0,0.9999999714787783,14.545805461134263,6620330.333333333,0.028743743896484375,160.0,adenocarcinoma
1630638.0,3.3787218729654946,1856501.0,1856501.0,5401630851.0,8102446277.0,0.9999999733260584,14.951122502316556,7185747.0,0.030307769775390625,160.0,adenocarcinoma
1637535.5,3.450056711832682,1905347.0,1905347.0,6049266594.0,9074578876.0,0.9999999743193235,14.469952039545987,7509012.0,0.031147003173828125,160.0,adenocarcinoma
2979831.0,4.163405100504558,2384157.0,2384157.0,7422713373.0,11135973340.0,0.9999999814840209,12.963076607690843,10742473.333333334,0.039539337158203125,160.0,adenocarcinoma
1674425.0,3.4270350138346353,1892418.5,1892418.5,7011948951.0,10519921321.0,0.9999999740209303,14.35139820539059,7495105.666666667,0.03087615966796875,160.0,adenocarcinoma
1082912.0,3.1160799662272134,1656661.0,1656661.0,5000478627.0,7500717143.0,0.9999999694999342,13.973045642887904,5973550.0,0.027217864990234375,160.0,adenocarcinoma
1568047.5,3.3213297526041665,1829984.0,1829984.0,6721254559.0,10079960338.0,0.9999999725891873,14.218890447730113,7142675.333333333,0.029632568359375,160.0,adenocarcinoma
1843610.0,3.436438242594401,1949999.5,1949999.5,5664853973.0,8499342425.0,0.9999999740596358,13.511480291647773,7909016.333333333,0.030986785888671875,160.0,adenocarcinoma
1452508.0,3.242212931315104,1766795.0,1766795.0,6696861711.0,10045292568.0,0.9999999715232705,13.867066880834441,6674438.333333333,0.0287017822265625,160.0,adenocarcinoma
1546383.5,3.371912638346354,1853328.5,1853328.5,5614592913.0,8421889370.0,0.9999999732335985,13.737710264533513,7182511.0,0.0302276611328125,160.0,adenocarcinoma
1127296.0,3.1322924296061196,1667238.0,1667238.0,6592869613.0,9889728367.0,0.9999999697707045,14.347425686323401,6002257.666666667,0.027408599853515625,160.0,adenocarcinoma
2659371.0,4.005495707194011,2314754.0,2314754.0,6957367601.0,10435294625.0,0.9999999801145918,13.553026380125251,9895093.333333334,0.03768157958984375,160.0,adenocarcinoma
1798433.5,3.4224955240885415,1951718.5,1951718.5,6706466205.0,10059699308.0,0.9999999738719424,13.172982291484098,7867514.666666667,0.03082275390625,160.0,adenocarcinoma
2759519.0,4.059645334879558,2361426.0,2361426.0,6773861211.0,10163117167.0,0.9999999805614477,13.36404890647576,10499711.333333334,0.038318634033203125,160.0,adenocarcinoma
1040200.0,3.0807367960611978,1622508.0,1622508.0,6063661851.0,9094403729.0,0.9999999689507044,14.712886198665478,5725295.0,0.02680206298828125,160.0,adenocarcinoma
1301403.0,3.205572764078776,1725456.0,1725456.0,6834177139.0,10251818666.0,0.9999999709861688,13.627665939563366,6391978.333333333,0.028270721435546875,160.0,adenocarcinoma
1047722.5,3.081709543863932,1629760.0,1629760.0,7278746565.0,10918107587.0,0.9999999690219893,14.295541623002956,5824508.0,0.026813507080078125,160.0,adenocarcinoma
1109429.5,3.0988947550455728,1649064.0,1649064.0,6199177743.0,9298766615.0,0.9999999692783319,13.960379198429653,5851946.0,0.02701568603515625,160.0,adenocarcinoma
1154234.5,3.1238619486490884,1676641.5,1676641.5,6058287403.0,9087429588.0,0.9999999697155249,13.905769123887739,6021030.0,0.027309417724609375,160.0,adenocarcinoma
4456939.5,5.03109614054362,2963035.0,2963035.0,10857466412.0,16280004107.0,0.9999999868029743,11.215214950958993,14572440.666666666,0.049747467041015625,160.0,adenocarcinoma
1267313.5,3.1611506144205728,1716725.5,1716725.5,5122754801.0,7680803282.0,0.9999999702073407,13.837858866136017,6280382.666666667,0.02774810791015625,160.0,adenocarcinoma
1192589.0,3.1601778666178384,1696576.0,1696576.0,6882628093.0,10321076195.0,0.9999999702179564,14.458711451765751,6271599.333333333,0.027736663818359375,160.0,adenocarcinoma
1150630.5,3.132940928141276,1676376.0,1676376.0,4950007003.0,7425236863.0,0.9999999698074891,14.180864418921463,6028987.666666667,0.027416229248046875,160.0,adenocarcinoma
940786.0,3.0262629191080728,1584457.5,1584457.5,5960080403.0,8939395570.0,0.9999999680532983,14.521739685529598,5526057.666666667,0.02616119384765625,160.0,adenocarcinoma
1764571.5,3.4688631693522134,1923686.0,1923686.0,7028545053.0,10541726500.0,0.9999999744946193,14.260420367353863,7700981.666666667,0.031368255615234375,160.0,adenocarcinoma
1863922.0,3.4513537089029946,1978130.5,1978130.5,5783465281.0,8673535016.0,0.9999999742148995,13.11543042376305,8007587.0,0.031162261962890625,160.0,adenocarcinoma
1466187.5,3.3210055033365884,1808970.5,1808970.5,6640010383.0,9957410139.0,0.9999999725587319,14.127298371719835,6983534.333333333,0.029628753662109375,160.0,adenocarcinoma
2912417.5,4.119955698649089,2399331.5,2399331.5,7940235940.0,11909608359.0,0.9999999810787381,13.019990333630616,10687987.666666666,0.039028167724609375,160.0,adenocarcinoma
970785.0,3.0651728312174478,1597020.5,1597020.5,4924767133.0,7386837456.0,0.9999999687426837,15.524885238292942,5606719.333333333,0.02661895751953125,160.0,adenocarcinoma
1416612.5,3.2668558756510415,1785427.5,1785427.5,6396382811.0,9594493532.0,0.9999999717865049,13.86358510344575,6775358.333333333,0.02899169921875,160.0,adenocarcinoma
1454201.5,3.2908503214518228,1794617.0,1794617.0,7014459639.0,10521689459.0,0.9999999721659245,14.516072150621484,6859975.333333333,0.02927398681640625,160.0,adenocarcinoma
4503017.0,5.126101175944011,3085786.5,3085786.5,10264269879.0,15394408965.0,0.9999999872053791,11.018766544321295,14831238.666666666,0.05086517333984375,160.0,adenocarcinoma
1410891.0,3.2230822245279946,1782646.0,1782646.0,5336343105.0,8004514658.0,0.9999999711296225,13.686809653976793,6761886.0,0.028476715087890625,160.0,adenocarcinoma
1713546.5,3.4014193216959634,1880228.5,1880228.5,7368896473.0,11052056225.0,0.9999999736379057,14.90644499460592,7472077.333333333,0.030574798583984375,160.0,adenocarcinoma
1103175.5,3.1715265909830728,1670469.0,1670469.0,5880671347.0,8820886854.0,0.9999999706153435,14.292114385492887,5971801.333333333,0.02787017822265625,160.0,adenocarcinoma
998991.0,3.0716578165690103,1611235.0,1611235.0,6441107385.0,9661045156.0,0.999999968870998,14.949557463324819,5654271.0,0.02669525146484375,160.0,large.cell.carcinoma
1620976.5,3.3261934916178384,1845290.0,1845290.0,5457014925.0,8186583192.0,0.9999999725922476,13.71634694735559,7244891.333333333,0.029689788818359375,160.0,large.cell.carcinoma
956227.5,3.0567423502604165,1597864.0,1597864.0,4905027439.0,7357377742.0,0.9999999685873122,15.053282814981925,5615252.0,0.026519775390625,160.0,large.cell.carcinoma
1333324.5,3.213678995768229,1763010.0,1763010.0,5246347793.0,7868667956.0,0.9999999709973494,13.527043419493229,6516215.333333333,0.0283660888671875,160.0,large.cell.carcinoma
817816.5,2.9769770304361978,1542251.5,1542251.5,6221881811.0,9332474683.0,0.9999999671743132,14.653317551111957,5290346.666666667,0.02558135986328125,160.0,large.cell.carcinoma
1977011.0,3.548304239908854,2036077.5,2036077.5,5840287409.0,8760145736.0,0.9999999754115795,14.26928009312925,8267345.333333333,0.0323028564453125,160.0,large.cell.carcinoma
1872510.0,3.4853998819986978,1958638.0,1958638.0,7014641687.0,10518195498.0,0.999999974660126,13.836797160836669,7891895.0,0.03156280517578125,160.0,large.cell.carcinoma
2278750.5,3.9695040384928384,2167361.0,2167361.0,8604651129.0,12906296656.0,0.9999999800040882,13.61490297550819,9074715.333333334,0.037258148193359375,160.0,large.cell.carcinoma
1644174.5,3.3595911661783853,1886613.0,1886613.0,6240636499.0,9362520677.0,0.9999999730732948,13.978251574666109,7348062.0,0.03008270263671875,160.0,large.cell.carcinoma
1058933.0,3.0898157755533853,1626014.5,1626014.5,7212768329.0,10819522731.0,0.9999999691699103,14.22525124364412,5835998.0,0.02690887451171875,160.0,large.cell.carcinoma
1232503.5,3.1449381510416665,1703159.5,1703159.5,5142559165.0,7714741652.0,0.9999999699556824,13.87946077867837,6237568.666666667,0.027557373046875,160.0,large.cell.carcinoma
1659824.0,3.3605639139811196,1859023.5,1859023.5,6509063289.0,9762325762.0,0.9999999730745974,14.12396319149696,7287049.333333333,0.030094146728515625,160.0,large.cell.carcinoma
1958882.0,3.4795633951822915,2003760.0,2003760.0,6618042255.0,9927063383.0,0.9999999745849761,12.984835552807445,8091312.333333333,0.031494140625,160.0,large.cell.carcinoma
4396141.5,4.917608896891276,3181403.0,3181403.0,10676527449.0,16012808354.0,0.999999986125775,11.459261449591347,14884101.666666666,0.048412322998046875,160.0,large.cell.carcinoma
1060481.0,3.0988947550455728,1652169.5,1652169.5,5108172609.0,7662258914.0,0.9999999692679669,14.103439366203467,5878607.0,0.02701568603515625,160.0,large.cell.carcinoma
3106454.5,4.238955179850261,2547182.5,2547182.5,7184210969.0,10782090223.0,0.9999999819430571,13.153499694502237,11591321.0,0.04042816162109375,160.0,large.cell.carcinoma
1542425.0,3.3154932657877603,1840418.0,1840418.0,7322166335.0,10982968852.0,0.9999999724948403,13.906154821181115,7126540.333333333,0.02956390380859375,160.0,large.cell.carcinoma
947086.5,3.058363596598307,1599877.0,1599877.0,6526503801.0,9789755702.0,0.9999999687045995,14.39498566636931,5600024.0,0.026538848876953125,160.0,large.cell.carcinoma
1007321.0,3.052527109781901,1603956.0,1603956.0,6857372825.0,10286267772.0,0.999999968558929,14.20185608784444,5674601.333333333,0.026470184326171875,160.0,large.cell.carcinoma
1115933.0,3.159205118815104,1668454.5,1668454.5,7301771771.0,10952314110.0,0.9999999702877846,15.032150537685437,5998752.0,0.0277252197265625,160.0,large.cell.carcinoma
1384480.5,3.2153002421061196,1772006.0,1772006.0,5277285303.0,7915274393.0,0.9999999710192237,13.555343973126721,6732300.666666667,0.028385162353515625,160.0,large.cell.carcinoma
4704291.0,5.043417612711589,3230356.5,3230356.5,11655606208.0,17473443625.0,0.9999999867847009,11.189342589131902,15892745.333333334,0.049892425537109375,160.0,large.cell.carcinoma
4029389.0,4.659506479899089,2837915.0,2837915.0,10135902409.0,15195965839.0,0.9999999848374607,12.055897584806088,13582429.333333334,0.045375823974609375,160.0,large.cell.carcinoma
1954055.0,3.509070078531901,2007814.0,2007814.0,5830238295.0,8747778062.0,0.9999999749156062,12.733561285213066,8290893.0,0.031841278076171875,160.0,large.cell.carcinoma
3304507.0,4.339796702067058,2620129.0,2620129.0,9211801253.0,13810715048.0,0.9999999827067853,11.824553500014744,12014469.333333334,0.041614532470703125,160.0,large.cell.carcinoma
1400351.5,3.3005777994791665,1801740.5,1801740.5,5550430117.0,8324817082.0,0.9999999722546489,13.791015803838334,6855480.0,0.029388427734375,160.0,large.cell.carcinoma
4144751.0,4.804770151774089,2939840.5,2939840.5,11347385643.0,17016535281.0,0.9999999856618863,11.20291809616764,14029953.666666666,0.047084808349609375,160.0,large.cell.carcinoma
1241465.5,3.1663386027018228,1699935.0,1699935.0,5775670639.0,8663565479.0,0.9999999703238255,14.182666933466699,6284603.666666667,0.02780914306640625,160.0,large.cell.carcinoma
980501.5,3.0145899454752603,1582835.5,1582835.5,4799504425.0,7199256638.0,0.9999999678262548,14.340096149986817,5537948.666666667,0.02602386474609375,160.0,large.cell.carcinoma
2969925.5,4.28921381632487,2457927.5,2457927.5,8059546913.0,12085440571.0,0.9999999824347637,12.8616293811488,11136924.333333334,0.041019439697265625,160.0,large.cell.carcinoma
3322087.0,4.268786112467448,2518956.0,2518956.0,9811079229.0,14715856467.0,0.9999999823612665,12.47902077794933,11542297.333333334,0.04077911376953125,160.0,large.cell.carcinoma
1002622.0,3.0509058634440103,1595274.0,1595274.0,5938191293.0,8906568983.0,0.9999999685011706,14.63475729368287,5641157.666666667,0.02645111083984375,160.0,large.cell.carcinoma
1587293.5,3.319708506266276,1848043.0,1848043.0,5903001801.0,8853323057.0,0.9999999725221762,13.175294042759106,7196811.0,0.029613494873046875,160.0,large.cell.carcinoma
1060293.5,3.105055491129557,1644574.0,1644574.0,5502880253.0,8255173045.0,0.9999999693722456,14.753935703462284,5879170.666666667,0.027088165283203125,160.0,large.cell.carcinoma
4721900.5,5.026556650797526,3276968.0,3276968.0,11132905899.0,16697090185.0,0.9999999866544853,11.19924202988986,15963807.333333334,0.049694061279296875,160.0,large.cell.carcinoma
1127769.5,3.1053797403971353,1659052.5,1659052.5,4980218517.0,7470329330.0,0.9999999693449195,14.740320110114485,5954321.333333333,0.02709197998046875,160.0,large.cell.carcinoma
1960986.0,3.5165278116861978,1995345.0,1995345.0,6912260885.0,10370669185.0,0.9999999750766574,13.947296970937309,8086782.0,0.03192901611328125,160.0,large.cell.carcinoma
2129222.5,3.6251513163248696,2136576.0,2136576.0,7498706245.0,11247677102.0,0.9999999762970958,13.791083867810713,8943207.333333334,0.033206939697265625,160.0,large.cell.carcinoma
1360981.0,3.2195154825846353,1757087.0,1757087.0,5845301407.0,8767947521.0,0.9999999710915675,14.085373858541534,6636144.666666667,0.02843475341796875,160.0,large.cell.carcinoma
1244690.5,3.1679598490397134,1719469.5,1719469.5,5151926147.0,7726649729.0,0.9999999703087556,13.822382208710748,6398694.0,0.027828216552734375,160.0,large.cell.carcinoma
1216842.0,3.177687327067057,1673256.0,1673256.0,7357900837.0,11035145293.0,0.9999999706398066,14.855038810590916,6080640.666666667,0.027942657470703125,160.0,large.cell.carcinoma
1707213.5,3.385206858317057,1892718.5,1892718.5,6735715939.0,10104590631.0,0.9999999734592466,14.19018700056569,7517130.333333333,0.030384063720703125,160.0,large.cell.carcinoma
1198748.0,3.1504503885904946,1687139.5,1687139.5,5408806479.0,8112635611.0,0.9999999700619404,14.523565775062439,6097978.0,0.027622222900390625,160.0,large.cell.carcinoma
3416592.5,4.6092478434244795,2705427.0,2705427.0,9056732541.0,13575883164.0,0.9999999845512578,12.179377593108617,12221635.333333334,0.0447845458984375,160.0,large.cell.carcinoma
1124947.5,3.143641153971354,1648316.5,1648316.5,7670810417.0,11504954043.0,0.9999999701164946,14.835234695451662,5927593.333333333,0.0275421142578125,160.0,large.cell.carcinoma
1166307.5,3.1429926554361978,1670644.0,1670644.0,6883301847.0,10324603375.0,0.9999999700384216,14.821660291732789,6056621.0,0.02753448486328125,160.0,large.cell.carcinoma
2001471.5,3.5288492838541665,2023342.5,2023342.5,7074214931.0,10610264114.0,0.9999999752279602,13.935947388205573,8187068.666666667,0.032073974609375,160.0,large.cell.carcinoma
1595390.0,3.3375422159830728,1858582.0,1858582.0,5494174783.0,8241262175.0,0.9999999727432447,13.503424346824334,7314832.666666667,0.02982330322265625,160.0,large.cell.carcinoma
2754146.5,4.010683695475261,2377692.5,2377692.5,6695396652.0,10044219758.0,0.9999999800911977,13.55750814188489,10552709.666666666,0.03774261474609375,160.0,large.cell.carcinoma
2101635.0,3.616072336832682,2079928.0,2079928.0,6049639065.0,9076101983.0,0.999999976179949,13.735030713379164,8739818.333333334,0.033100128173828125,160.0,large.cell.carcinoma
1171471.0,3.1556383768717446,1697221.5,1697221.5,5877516691.0,8815330183.0,0.999999970137824,14.250432041421963,6162054.0,0.027683258056640625,160.0,large.cell.carcinoma
3343181.0,4.311262766520183,2574798.5,2574798.5,9963729028.0,14941004996.0,0.9999999826430525,12.615053060305472,11859072.666666666,0.041278839111328125,160.0,normal
3343181.0,4.311262766520183,2574798.5,2574798.5,9963729028.0,14941004996.0,0.9999999826430525,12.615053060305472,11859072.666666666,0.041278839111328125,160.0,normal
3300232.5,4.30477778116862,2570318.5,2570318.5,9680478699.0,14516405475.0,0.9999999825933245,12.632827833891607,11803350.666666666,0.041202545166015625,160.0,normal
3300232.5,4.30477778116862,2570318.5,2570318.5,9680478699.0,14516405475.0,0.9999999825933245,12.632827833891607,11803350.666666666,0.041202545166015625,160.0,normal
3319174.5,4.311587015787761,2575013.0,2575013.0,9963447358.0,14940582491.0,0.9999999826451618,12.614165634540315,11821635.666666666,0.04128265380859375,160.0,normal
3310582.5,4.310290018717448,2573890.0,2573890.0,9962514297.0,14939287512.0,0.9999999826358653,12.617716086940149,11819390.666666666,0.04126739501953125,160.0,normal
3310582.5,4.310290018717448,2573890.0,2573890.0,9962514297.0,14939287512.0,0.9999999826358653,12.617716086940149,11819390.666666666,0.04126739501953125,160.0,normal
3319174.5,4.311587015787761,2575013.0,2575013.0,9963447358.0,14940582491.0,0.9999999826451618,12.614165634540315,11821635.666666666,0.04128265380859375,160.0,normal
6048768.0,5.829073588053386,3886822.5,3886822.5,14384844115.0,21576552910.0,0.9999999897121922,10.08553284098771,20437122.0,0.05913543701171875,160.0,normal
6048768.0,5.829073588053386,3886822.5,3886822.5,14384844115.0,21576552910.0,0.9999999897121922,10.08553284098771,20437122.0,0.05913543701171875,160.0,normal
6224118.0,5.93380610148112,3967776.5,3967776.5,15074441485.0,22608886183.0,0.9999999900478835,10.079800176490178,20899784.666666668,0.060367584228515625,160.0,normal
6224118.0,5.93380610148112,3967776.5,3967776.5,15074441485.0,22608886183.0,0.9999999900478835,10.079800176490178,20899784.666666668,0.060367584228515625,160.0,normal
6048768.0,5.829073588053386,3886822.5,3886822.5,14384844115.0,21576552910.0,0.9999999897121922,10.08553284098771,20437122.0,0.05913543701171875,160.0,normal
2449528.0,3.6591974894205728,2151912.0,2151912.0,7339963995.0,11008848388.0,0.9999999766770298,13.885295729093446,9136184.0,0.03360748291015625,160.0,normal
2449528.0,3.6591974894205728,2151912.0,2151912.0,7339963995.0,11008848388.0,0.9999999766770298,13.885295729093446,9136184.0,0.03360748291015625,160.0,normal
6048768.0,5.829073588053386,3886822.5,3886822.5,14384844115.0,21576552910.0,0.9999999897121922,10.08553284098771,20437122.0,0.05913543701171875,160.0,normal
6093114.5,5.851446787516276,3906462.0,3906462.0,14465166607.0,21697665785.0,0.9999999899117613,12.850099469371967,20113774.666666668,0.059398651123046875,160.0,normal
6093114.5,5.851446787516276,3906462.0,3906462.0,14465166607.0,21697665785.0,0.9999999899117613,12.850099469371967,20113774.666666668,0.059398651123046875,160.0,normal
6030839.0,5.769087473551433,3803135.5,3803135.5,14414742783.0,21612441668.0,0.9999999896691403,13.174379630946959,19492215.666666668,0.058429718017578125,160.0,normal
6030839.0,5.769087473551433,3803135.5,3803135.5,14414742783.0,21612441668.0,0.9999999896691403,13.174379630946959,19492215.666666668,0.058429718017578125,160.0,normal
6099826.0,5.856310526529948,3910606.0,3910606.0,14468953663.0,21703346369.0,0.9999999899278732,12.839923411719143,20145367.666666668,0.05945587158203125,160.0,normal
6093143.0,5.853068033854167,3907832.0,3907832.0,14466654685.0,21699897902.0,0.999999989917115,12.846705658437191,20122573.666666668,0.059417724609375,160.0,normal
6093143.0,5.853068033854167,3907832.0,3907832.0,14466654685.0,21699897902.0,0.999999989917115,12.846705658437191,20122573.666666668,0.059417724609375,160.0,normal
5957761.5,5.795027414957683,3822446.0,3822446.0,14177044487.0,21261250307.0,0.9999999897378633,11.27884559391157,19643410.666666668,0.058734893798828125,160.0,normal
3175269.5,4.267489115397136,2583940.0,2583940.0,10925822763.0,16388734145.0,0.999999982222869,13.206883990977328,11559026.0,0.04076385498046875,160.0,normal
6554351.5,6.0618845621744795,3935094.5,3935094.5,14840079978.0,22257306126.0,0.999999990499813,9.915687994873252,20586844.0,0.0618743896484375,160.0,normal
8266772.0,8.086172739664713,5424016.5,5424016.5,19410125447.0,29103082201.0,0.999999994435218,7.1393245397199605,29112949.333333332,0.08568954467773438,160.0,normal
8279074.5,8.125731150309244,5441258.0,5441258.0,19479199127.0,29206692721.0,0.9999999944852528,7.105796262183358,29218890.333333332,0.08615493774414062,160.0,normal
8960730.0,8.582598368326822,5902458.5,5902458.5,19955433419.0,29919303797.0,0.9999999949820898,6.791582067003209,31816343.333333332,0.09152984619140625,160.0,normal
2394130.0,3.7525812784830728,2153362.0,2153362.0,8301913141.0,12452383781.0,0.9999999778589683,13.743403503420888,9202439.333333334,0.03470611572265625,160.0,normal
2394130.0,3.7525812784830728,2153362.0,2153362.0,8301913141.0,12452383781.0,0.9999999778589683,13.743403503420888,9202439.333333334,0.03470611572265625,160.0,normal
3557302.0,4.374491373697917,2628467.5,2628467.5,11140727495.0,16708843036.0,0.9999999831150508,11.5621170695585,12221348.333333334,0.042022705078125,160.0,normal
3557302.0,4.374491373697917,2628467.5,2628467.5,11140727495.0,16708843036.0,0.9999999831150508,11.5621170695585,12221348.333333334,0.042022705078125,160.0,normal
2394130.0,3.7525812784830728,2153362.0,2153362.0,8301913141.0,12452383781.0,0.9999999778589683,13.743403503420888,9202439.333333334,0.03470611572265625,160.0,normal
3557302.0,4.374491373697917,2628467.5,2628467.5,11140727495.0,16708843036.0,0.9999999831150508,11.5621170695585,12221348.333333334,0.042022705078125,160.0,normal
2394130.0,3.7525812784830728,2153362.0,2153362.0,8301913141.0,12452383781.0,0.9999999778589683,13.743403503420888,9202439.333333334,0.03470611572265625,160.0,normal
6236685.0,6.847216288248698,4540414.0,4540414.0,15751642473.0,23628542043.0,0.9999999923788979,8.364501599357565,23453143.0,0.07111358642578125,160.0,normal
6236685.0,6.847216288248698,4540414.0,4540414.0,15751642473.0,23628542043.0,0.9999999923788979,8.364501599357565,23453143.0,0.07111358642578125,160.0,normal
8544234.5,8.180529276529947,5591223.0,5591223.0,20202743965.0,30289137273.0,0.9999999945334691,7.492863322497841,29946053.333333332,0.08679962158203125,160.0,normal
8544234.5,8.180529276529947,5591223.0,5591223.0,20202743965.0,30289137273.0,0.9999999945334691,7.492863322497841,29946053.333333332,0.08679962158203125,160.0,normal
6236685.0,6.847216288248698,4540414.0,4540414.0,15751642473.0,23628542043.0,0.9999999923788979,8.364501599357565,23453143.0,0.07111358642578125,160.0,normal
8544234.5,8.180529276529947,5591223.0,5591223.0,20202743965.0,30289137273.0,0.9999999945334691,7.492863322497841,29946053.333333332,0.08679962158203125,160.0,normal
8544234.5,8.180529276529947,5591223.0,5591223.0,20202743965.0,30289137273.0,0.9999999945334691,7.492863322497841,29946053.333333332,0.08679962158203125,160.0,normal
6236685.0,6.847216288248698,4540414.0,4540414.0,15751642473.0,23628542043.0,0.9999999923788979,8.364501599357565,23453143.0,0.07111358642578125,160.0,normal
4711582.0,5.022665659586589,3109669.0,3109669.0,12347772533.0,18510913527.0,0.9999999867838284,12.09234513703788,15316213.0,0.049648284912109375,160.0,normal
4711582.0,5.022665659586589,3109669.0,3109669.0,12347772533.0,18510913527.0,0.9999999867838284,12.09234513703788,15316213.0,0.049648284912109375,160.0,normal
4714605.5,5.023962656656901,3105492.0,3105492.0,12334243379.0,18490619796.0,0.9999999867923289,12.089393744985557,15272500.0,0.049663543701171875,160.0,normal
4714605.5,5.023962656656901,3105492.0,3105492.0,12334243379.0,18490619796.0,0.9999999867923289,12.089393744985557,15272500.0,0.049663543701171875,160.0,normal
4707190.5,5.026556650797526,3109576.0,3109576.0,12348017081.0,18511280349.0,0.9999999868041852,12.08349528086928,15303632.0,0.049694061279296875,160.0,normal
4714605.5,5.023962656656901,3105492.0,3105492.0,12334243379.0,18490619796.0,0.9999999867923289,12.089393744985557,15272500.0,0.049663543701171875,160.0,normal
4714605.5,5.023962656656901,3105492.0,3105492.0,12334243379.0,18490619796.0,0.9999999867923289,12.089393744985557,15272500.0,0.049663543701171875,160.0,normal
4707190.5,5.026556650797526,3109576.0,3109576.0,12348017081.0,18511280349.0,0.9999999868041852,12.08349528086928,15303632.0,0.049694061279296875,160.0,normal
5949202.5,5.674082438151042,3632447.0,3632447.0,13769040278.0,20645697685.0,0.999999989297018,10.023042585600223,18750466.0,0.05731201171875,160.0,normal
5211054.5,5.24380366007487,3341682.0,3341682.0,9791816223.0,14687640617.0,0.999999987578418,10.686758844632461,16706457.333333334,0.052249908447265625,160.0,normal
911195.5,3.0278841654459634,1590611.0,1590611.0,5421121941.0,8131682912.0,0.999999968068484,14.453455797219357,5521815.666666667,0.026180267333984375,160.0,squamous.cell.carcinoma
2328570.5,3.7175623575846353,2142375.0,2142375.0,7050860545.0,10576122252.0,0.9999999773817393,13.334367424234532,9236346.0,0.03429412841796875,160.0,squamous.cell.carcinoma
1407910.0,3.2720438639322915,1781884.0,1781884.0,6815809932.0,10220624832.0,0.9999999719789315,13.670719561095725,6777574.666666667,0.029052734375,160.0,squamous.cell.carcinoma
984614.5,3.0415026346842446,1595097.5,1595097.5,4820724563.0,7229700419.0,0.9999999682931435,14.5532603893327,5634414.0,0.026340484619140625,160.0,squamous.cell.carcinoma
2775307.5,4.021708170572917,2352793.5,2352793.5,7799503826.0,11699891311.0,0.9999999802644669,13.450354928836925,10417965.0,0.037872314453125,160.0,squamous.cell.carcinoma
1200533.5,3.143641153971354,1685213.0,1685213.0,5002979243.0,7504468865.0,0.9999999699661054,14.685282583240019,6110480.666666667,0.0275421142578125,160.0,squamous.cell.carcinoma
1427485.0,3.247400919596354,1772512.5,1772512.5,5258969801.0,7888352526.0,0.9999999714995207,13.754192017283422,6747698.666666667,0.0287628173828125,160.0,squamous.cell.carcinoma
1625052.0,3.306738535563151,1816415.5,1816415.5,8408750327.0,12615284947.0,0.9999999723645918,14.720456958505931,7049066.0,0.029460906982421875,160.0,squamous.cell.carcinoma
1295447.5,3.2383219401041665,1750283.5,1750283.5,6052738293.0,9079107440.0,0.9999999714483415,14.315665085106918,6543734.666666667,0.028656005859375,160.0,squamous.cell.carcinoma
1246120.5,3.164068857828776,1704204.5,1704204.5,6247648269.0,9371472404.0,0.9999999703120458,14.287133868922028,6252005.666666667,0.027782440185546875,160.0,squamous.cell.carcinoma
3995061.0,4.7571055094401045,2817892.0,2817892.0,10013832617.0,15019737407.0,0.9999999854316933,11.76935966763953,13420292.666666666,0.0465240478515625,160.0,squamous.cell.carcinoma
1149513.5,3.1579081217447915,1676875.0,1676875.0,6739474749.0,10109212124.0,0.9999999702900547,14.074858332466995,6128419.666666667,0.0277099609375,160.0,squamous.cell.carcinoma
1671776.0,3.467566172281901,1902732.0,1902732.0,7692315673.0,11534867526.0,0.9999999747843914,13.135534365407574,7437391.333333333,0.031352996826171875,160.0,squamous.cell.carcinoma
2782421.0,4.001928965250651,2310441.0,2310441.0,7737123438.0,11602875430.0,0.9999999802021919,13.2535287667067,10262508.333333334,0.037639617919921875,160.0,squamous.cell.carcinoma
1051092.5,3.0742518107096353,1631723.0,1631723.0,4895369313.0,7341776582.0,0.9999999688388251,14.25470803976673,5788130.333333333,0.02672576904296875,160.0,squamous.cell.carcinoma
977088.0,3.032423655192057,1589577.5,1589577.5,5666830881.0,8500246322.0,0.9999999681853332,14.666700604192854,5564708.333333333,0.026233673095703125,160.0,squamous.cell.carcinoma
2515252.5,3.781439463297526,2193442.5,2193442.5,7819003781.0,11726311906.0,0.9999999780558456,13.443102117726946,9548671.0,0.035045623779296875,160.0,squamous.cell.carcinoma
2194162.0,3.8433710734049478,2154484.5,2154484.5,7067483551.0,10596999043.0,0.9999999787527574,13.76099148792502,8956569.333333334,0.03577423095703125,160.0,squamous.cell.carcinoma
1437960.5,3.2921473185221353,1782800.0,1782800.0,6575959413.0,9863939120.0,0.9999999722217979,14.428396598916006,6810200.0,0.02928924560546875,160.0,squamous.cell.carcinoma
1356500.5,3.244806925455729,1755238.0,1755238.0,6557753481.0,9836630222.0,0.999999971538365,14.301241408157505,6601524.333333333,0.0287322998046875,160.0,squamous.cell.carcinoma
2003421.5,3.7363688151041665,2004039.0,2004039.0,8250191619.0,12386417951.0,0.9999999779518043,13.176625531518049,8204662.0,0.034515380859375,160.0,squamous.cell.carcinoma
918557.0,3.0223719278971353,1577355.0,1577355.0,7509873499.0,11265127953.0,0.9999999680095883,14.690725786150518,5474746.0,0.02611541748046875,160.0,squamous.cell.carcinoma
1080173.5,3.0988947550455728,1646878.5,1646878.5,6877265607.0,10315898411.0,0.9999999692955839,14.06760595438374,5876633.333333333,0.02701568603515625,160.0,squamous.cell.carcinoma
1354201.0,3.2208124796549478,1745946.5,1745946.5,5218415041.0,7827545780.0,0.9999999711072791,14.244929636203517,6560093.333333333,0.02845001220703125,160.0,squamous.cell.carcinoma
1364619.5,3.252913157145182,1744617.0,1744617.0,6175250289.0,9262394676.0,0.9999999716663548,15.603598874457866,6502052.333333333,0.028827667236328125,160.0,squamous.cell.carcinoma
1563895.0,3.3557001749674478,1839026.0,1839026.0,6608323004.0,9907311514.0,0.9999999730788184,14.039093220168294,7135319.333333333,0.03003692626953125,160.0,squamous.cell.carcinoma
1905908.5,3.490912119547526,1980142.5,1980142.5,6552916405.0,9830634107.0,0.9999999747508341,14.773583813364922,8032755.333333333,0.031627655029296875,160.0,squamous.cell.carcinoma
1149971.0,3.1037584940592446,1646132.5,1646132.5,5392056681.0,8088085022.0,0.9999999693147638,14.366875828695429,5849801.0,0.027072906494140625,160.0,squamous.cell.carcinoma
906135.0,3.0226961771647134,1578126.5,1578126.5,5518210413.0,8278528896.0,0.9999999680190396,14.858187110587041,5515407.333333333,0.026119232177734375,160.0,squamous.cell.carcinoma
847842.0,2.9873530069986978,1555613.5,1555613.5,4720299955.0,7079417938.0,0.9999999673564935,14.471299608680448,5320064.0,0.02570343017578125,160.0,squamous.cell.carcinoma
1764332.5,3.460432688395182,1939917.0,1939917.0,6868247633.0,10305195299.0,0.9999999744591218,14.602918030367583,7855227.666666667,0.031269073486328125,160.0,squamous.cell.carcinoma
1068490.0,3.078467051188151,1628740.5,1628740.5,5539872099.0,8309521887.0,0.9999999689158533,14.104726611343528,5813920.666666667,0.026775360107421875,160.0,squamous.cell.carcinoma
2123106.5,3.7334505716959634,2054909.5,2054909.5,7219752826.0,10826451086.0,0.9999999777910009,13.765236223445209,8555329.0,0.034481048583984375,160.0,squamous.cell.carcinoma
1779181.5,3.462378184000651,1954038.0,1954038.0,6257363783.0,9385520517.0,0.9999999743963227,13.596138917001115,7810992.0,0.031291961669921875,160.0,squamous.cell.carcinoma
1127323.5,3.1189982096354165,1659006.0,1659006.0,5464812255.0,8197218383.0,0.9999999695838577,15.221421777328938,5951001.666666667,0.027252197265625,160.0,squamous.cell.carcinoma
952738.0,3.0278841654459634,1590845.5,1590845.5,4841354369.0,7262031554.0,0.999999968048419,14.343613592596913,5552463.0,0.026180267333984375,160.0,squamous.cell.carcinoma
1171639.5,3.125158945719401,1666277.0,1666277.0,6689332993.0,10035297273.0,0.9999999696708993,14.570308628949507,6049233.666666667,0.027324676513671875,160.0,squamous.cell.carcinoma
1002874.0,3.050581614176432,1608596.5,1608596.5,4883282881.0,7325350448.0,0.9999999684340865,14.28270094259991,5708262.333333333,0.026447296142578125,160.0,squamous.cell.carcinoma
1775613.0,3.441950480143229,1946169.0,1946169.0,6910968649.0,10364539535.0,0.9999999741916372,14.08848985949843,7767842.333333333,0.0310516357421875,160.0,squamous.cell.carcinoma
1992779.0,3.678328196207682,2060625.0,2060625.0,7535445249.0,11302707852.0,0.9999999771058139,14.254352716987936,8435672.0,0.033832550048828125,160.0,squamous.cell.carcinoma
1511459.5,3.3962313334147134,1812856.0,1812856.0,6768997750.0,10153553886.0,0.9999999738411004,14.010424495523898,6976604.666666667,0.030513763427734375,160.0,squamous.cell.carcinoma
1004558.0,3.0648485819498696,1617147.5,1617147.5,5334620883.0,8001931326.0,0.9999999686786636,14.684183147135133,5712176.666666667,0.026615142822265625,160.0,squamous.cell.carcinoma
3455456.5,4.535967508951823,2679813.5,2679813.5,8588394645.0,12880071017.0,0.9999999841045912,12.307799582669949,12315573.666666666,0.04392242431640625,160.0,squamous.cell.carcinoma
1462709.5,3.3057657877604165,1821969.0,1821969.0,5403534639.0,8105876159.0,0.9999999723143288,13.565538635952176,6992971.666666667,0.029449462890625,160.0,squamous.cell.carcinoma
2881217.0,4.24770991007487,2441876.5,2441876.5,7225262266.0,10833372238.0,0.9999999820890131,13.148109445419836,10754578.0,0.040531158447265625,160.0,squamous.cell.carcinoma
1076292.5,3.1274286905924478,1654023.5,1654023.5,4899972457.0,7349958686.0,0.9999999697256692,15.382194671462472,5945550.0,0.02735137939453125,160.0,squamous.cell.carcinoma
1061040.5,3.1319681803385415,1652544.0,1652544.0,4917650987.0,7376476481.0,0.9999999698055011,15.299829703601164,5915114.0,0.02740478515625,160.0,squamous.cell.carcinoma
2346295.0,3.7730089823404946,2163545.5,2163545.5,9432773319.0,14147850535.0,0.9999999779169019,14.243327565122577,9265196.0,0.034946441650390625,160.0,squamous.cell.carcinoma
1554587.0,3.4173075358072915,1819826.0,1819826.0,7084583010.0,10626974892.0,0.999999974223117,12.927447303521607,7085864.666666667,0.03076171875,160.0,squamous.cell.carcinoma
1476089.0,3.2649103800455728,1770258.5,1770258.5,6242718749.0,9364206061.0,0.9999999717994666,14.25571906230406,6688572.0,0.02896881103515625,160.0,squamous.cell.carcinoma
1119532.5,3.1131617228190103,1659980.5,1659980.5,6298068387.0,9447102581.0,0.9999999694943708,14.307513963618403,5994600.666666667,0.02718353271484375,160.0,squamous.cell.carcinoma
987189.5,3.0781428019205728,1605205.0,1605205.0,5971311681.0,8956967523.0,0.9999999689435122,15.05679188771375,5626556.0,0.02677154541015625,160.0,squamous.cell.carcinoma
2176981.0,3.8375345865885415,2075615.5,2075615.5,7308703493.0,10962777387.0,0.9999999788937625,12.61751977220907,8678504.333333334,0.03570556640625,160.0,squamous.cell.carcinoma
928403.0,3.013941446940104,1569342.5,1569342.5,5269869277.0,7904065688.0,0.9999999678348684,14.909909330630585,5448169.0,0.0260162353515625,160.0,squamous.cell.carcinoma
1433820.0,3.3634821573893228,1796373.5,1796373.5,7691845157.0,11538061834.0,0.9999999733991988,14.126725832218831,6865945.333333333,0.03012847900390625,160.0,squamous.cell.carcinoma
1054758.5,3.0774943033854165,1620243.5,1620243.5,4892361785.0,7338038072.0,0.999999968884417,14.204892108539728,5790278.0,0.026763916015625,160.0,squamous.cell.carcinoma
2178746.5,3.6215845743815103,2073433.0,2073433.0,7319448075.0,10980671075.0,0.9999999763276578,13.269526921430765,8648703.333333334,0.03316497802734375,160.0,squamous.cell.carcinoma
1910978.0,3.542792002360026,1964855.0,1964855.0,7654548717.0,11481827711.0,0.999999975711484,13.18074181533667,7940924.0,0.032238006591796875,160.0,squamous.cell.carcinoma
1134196.0,3.1520716349283853,1666159.5,1666159.5,5308899839.0,7963125918.0,0.9999999701021952,15.284658725492504,6030312.0,0.02764129638671875,160.0,squamous.cell.carcinoma
957923.5,3.037611643473307,1596610.5,1596610.5,4801639615.0,7202530645.0,0.9999999682238183,14.509005886988406,5593562.333333333,0.026294708251953125,160.0,squamous.cell.carcinoma
949317.0,3.042475382486979,1589086.5,1589086.5,5866129743.0,8799194615.0,0.9999999683783669,14.439057203147298,5564883.333333333,0.0263519287109375,160.0,squamous.cell.carcinoma
1014456.0,3.0625788370768228,1608940.5,1608940.5,6528230809.0,9791896227.0,0.9999999686575824,14.46337632220651,5719403.333333333,0.02658843994140625,160.0,squamous.cell.carcinoma
1972891.5,3.6189905802408853,2053027.0,2053027.0,7747288585.0,11618163202.0,0.9999999763112141,13.506078729405502,8423848.333333334,0.03313446044921875,160.0,squamous.cell.carcinoma
1236937.0,3.2924715677897134,1748566.5,1748566.5,7344568255.0,11016498300.0,0.9999999723802824,15.565726682123971,6512802.333333333,0.029293060302734375,160.0,squamous.cell.carcinoma
815687.0,2.988325754801432,1548224.0,1548224.0,4691114227.0,7036671341.0,0.9999999673835621,15.303342194750826,5284092.0,0.025714874267578125,160.0,squamous.cell.carcinoma
1532608.5,3.2947413126627603,1832936.0,1832936.0,5373041065.0,8058804326.0,0.9999999721644075,13.928676744136464,7101741.0,0.02931976318359375,160.0,squamous.cell.carcinoma
1753024.0,3.5048548380533853,1939577.0,1939577.0,7103736854.0,10647451632.0,0.9999999751666613,13.599111775498475,7694603.666666667,0.03179168701171875,160.0,squamous.cell.carcinoma
1454562.0,3.260695139567057,1783176.0,1783176.0,8216565711.0,12321215180.0,0.9999999717066922,14.569561968596108,6789095.0,0.028919219970703125,160.0,squamous.cell.carcinoma
1803673.0,3.589808146158854,1972240.5,1972240.5,7103892109.0,10647954284.0,0.9999999761219789,14.91019154476188,7986622.0,0.0327911376953125,160.0,squamous.cell.carcinoma
1011471.0,3.091437021891276,1644052.5,1644052.5,4967818183.0,7451727275.0,0.9999999691063634,14.230462856971778,5842196.666666667,0.026927947998046875,160.0,squamous.cell.carcinoma
1659302.0,3.3790461222330728,1875750.5,1875750.5,6262791999.0,9393762534.0,0.9999999733910603,14.690733908446324,7408914.0,0.03031158447265625,160.0,squamous.cell.carcinoma
1146521.5,3.117701212565104,1641759.5,1641759.5,5563672137.0,8347159802.0,0.999999969592871,15.0387310400757,5927742.0,0.0272369384765625,160.0,squamous.cell.carcinoma
1737166.5,3.441950480143229,1911918.0,1911918.0,5529010003.0,8292246337.0,0.9999999741421383,13.96353712968283,7581486.333333333,0.0310516357421875,160.0,squamous.cell.carcinoma
1409016.5,3.2542101542154946,1759508.5,1759508.5,6989333825.0,10484507557.0,0.9999999716396729,15.15854578667555,6665924.666666667,0.028842926025390625,160.0,squamous.cell.carcinoma
2104911.0,3.704268137613932,2055825.5,2055825.5,7619304721.0,11426784332.0,0.9999999775142231,14.172995482113691,8590124.333333334,0.034137725830078125,160.0,squamous.cell.carcinoma
1161646.0,3.1365076700846353,1681060.5,1681060.5,5066445783.0,7597963076.0,0.9999999698289694,14.031844416135646,6116531.666666667,0.02745819091796875,160.0,squamous.cell.carcinoma
1666561.5,3.4147135416666665,1888445.0,1888445.0,6917524213.0,10374220378.0,0.9999999739077216,14.19185248453027,7454443.666666667,0.030731201171875,160.0,squamous.cell.carcinoma
921055.0,3.022047678629557,1578955.0,1578955.0,5922480285.0,8882858734.0,0.9999999679806315,14.540178488972073,5492148.333333333,0.026111602783203125,160.0,squamous.cell.carcinoma
1223424.0,3.1806055704752603,1709734.0,1709734.0,6413079605.0,9619954817.0,0.9999999705947296,14.31424187664401,6234423.666666667,0.02797698974609375,160.0,squamous.cell.carcinoma
1280944.5,3.190008799235026,1720636.0,1720636.0,6342738609.0,9514107914.0,0.9999999706866334,14.299392728941148,6411472.333333333,0.028087615966796875,160.0,squamous.cell.carcinoma
1299997.0,3.1861178080240884,1713054.5,1713054.5,6609478779.0,9914218169.0,0.9999999705943695,13.634057847935221,6428272.333333333,0.028041839599609375,160.0,squamous.cell.carcinoma
1298366.0,3.2438341776529946,1725121.5,1725121.5,7684155519.0,11526233279.0,0.9999999716198947,14.625225520688382,6454936.333333333,0.028720855712890625,160.0,squamous.cell.carcinoma
1176359.0,3.200384775797526,1721040.5,1721040.5,6252713473.0,9381566872.0,0.9999999709256309,14.068146273921617,6264740.666666667,0.028209686279296875,160.0,squamous.cell.carcinoma
1038402.0,3.076197306315104,1635325.5,1635325.5,6118497543.0,9177746316.0,0.9999999688635147,14.512885289633326,5801513.666666667,0.0267486572265625,160.0,squamous.cell.carcinoma
1631951.5,3.3342997233072915,1877815.5,1877815.5,5557344311.0,8332211398.0,0.999999972702302,13.549445130206914,7403960.0,0.02978515625,160.0,squamous.cell.carcinoma
863498.0,3.0029169718424478,1558136.0,1558136.0,5338365951.0,8007548927.0,0.9999999676484017,14.880710805055196,5351437.666666667,0.02588653564453125,160.0,squamous.cell.carcinoma
1931017.0,3.5603014628092446,2003531.5,2003531.5,6348022325.0,9522493696.0,0.9999999756354037,14.519246876234195,8242466.666666667,0.032444000244140625,160.0,squamous.cell.carcinoma
1242886.0,3.125158945719401,1667368.0,1667368.0,5019840173.0,7529752598.0,0.9999999696527607,15.05839249876178,6115354.333333333,0.027324676513671875,160.0,squamous.cell.carcinoma
1930025.5,3.6150995890299478,2073261.0,2073261.0,7276764977.0,10911771471.0,0.9999999762373146,13.36730066174435,8336349.333333333,0.03308868408203125,160.0,squamous.cell.carcinoma
1042016.5,3.0781428019205728,1618534.5,1618534.5,4832432529.0,7247599859.0,0.9999999689283717,14.994918964089067,5730183.333333333,0.02677154541015625,160.0,squamous.cell.carcinoma
